Times,BER,EbNo,Prop_Loss,Weather,Rain_Loss,EIRP,Range,Rcvd_Frequency,g_over_T,Bandwidth,Free_Space_Loss,Propagation_Delay,Rcvd_Iso_Power,C/No,Atmos Loss
3711.653444461,0.1096460193715536,-1.2234131299828739,173.8186747058833,Clouds,1.6523320876856062,12.0,799.9888506489906,12.000178475991188,12.0,200.0,172.0930868292907,0.0026684755713534012,-161.82255199305365,18.776586870017127,0.07325578890700563
3712.0,0.10913904920690082,-1.2042942946768496,173.79956666739383,Clouds,1.6501617627668397,12.0,798.4457816861857,12.000177979222496,12.0,200.0,172.07631675861376,0.0026633284473293376,-161.80343315774763,18.79570570532315,0.0730881460132192
3713.0,0.1076831229389606,-1.1492665309547796,173.7445704134386,Clouds,1.6439531816904136,12.0,794.0174645049815,12.000176529430156,12.0,200.0,172.0280092406153,0.00264855717119135,-161.74840539402555,18.85073346904522,0.07260799113290597
3714.0,0.10623783538721238,-1.0944557784993019,173.68979170399453,Clouds,1.6378251916120499,12.0,789.6256722608158,12.000175055091976,12.0,200.0,171.97983333576263,0.002633907729129116,-161.6935946415701,18.905544221500698,0.07213317661981465
3715.0,0.10480357901164394,-1.0398731217701116,173.63524163089414,Clouds,1.6317783290714385,12.0,785.2710226504139,12.00017355586817,12.0,200.0,171.93179957907913,0.0026193821815571287,-161.63901198484092,18.96012687822989,0.07166372274358418
3716.0,0.10338074646027984,-0.985529934651176,173.58093157534344,Clouds,1.6258131305883858,12.0,780.9541418270476,12.00017203142128,12.0,200.0,171.88391879384687,0.002604982617097884,-161.58466879772195,19.014470065348824,0.07119965090818134
3717.0,0.10196972992995018,-0.9314378732038607,173.52687320066704,Clouds,1.6199301303469982,12.0,776.6756636648471,12.000170481416529,12.0,200.0,171.83620208674924,0.00259071115012789,-161.53057673627467,19.06856212679614,0.07074098357080658
3718.0,0.10057092125817813,-0.8776088963999494,173.47307847302037,Clouds,1.6141298608913472,12.0,772.436231257842,12.000168905522779,12.0,200.0,171.78866086772564,0.002576569925777926,-161.47674775947075,19.122391103600048,0.07028774440340364
3719.0,0.09918471096758175,-0.8240552466922824,173.4195596419567,Clouds,1.6084128494175003,12.0,768.2364952532752,12.00016730341271,12.0,200.0,171.74130683442644,0.0025625611143735814,-161.42319410976307,19.175944753307718,0.0698399581127412
3720.0,0.09781148811761581,-0.7707894613479994,173.36632925174186,Clouds,1.6027796173867683,12.0,764.0771146436515,12.000165674763652,12.0,200.0,171.69415198382976,0.0025486869140772432,-161.3699283244188,19.229210538651998,0.06939765052533999
3721.0,0.09645163977897248,-0.7178243691082641,173.31340013800158,Clouds,1.5972306785245913,12.0,759.9587564183022,12.000164019258174,12.0,200.0,171.64720861092587,0.002534949549725838,-161.31696323217906,19.282175630891736,0.06896084855114766
3722.0,0.09510555064846121,-0.6651730919880188,173.26078542950512,Clouds,1.5917665373481178,12.0,755.8820956409583,12.000162336584811,12.0,200.0,171.60048931196386,0.002521351273089593,-161.26431195505882,19.334826908011983,0.06852958019314971
3723.0,0.09377360230271797,-0.612849032551412,173.2084985354316,Clouds,1.5863876861826232,12.0,751.8478144282717,12.000160626438491,12.0,200.0,171.55400697480883,0.002507894359464746,-161.2119878956222,19.387150967448587,0.06810387444012386
3724.0,0.09245617323416899,-0.5608658913611,173.1565531627929,Clouds,1.5810946052866912,12.0,747.8566032883916,12.000158888521748,12.0,200.0,171.5077747960945,0.0024945811121385567,-161.1600047544319,19.4391341086389,0.06768376141169043
3725.0,0.0911536378888721,-0.5092376447481429,173.1049632941982,Clouds,1.575887758893705,12.0,743.9091594197807,12.000157122544968,12.0,200.0,171.46180626312474,0.00248141385671477,-161.10837650781892,19.490762355251857,0.06726927217973719
3726.0,0.08986636648738228,-0.45797855265416454,173.0537431956726,Clouds,1.5707675943566601,12.0,740.0061873614266,12.000155328227466,12.0,200.0,171.41611516247409,0.0024683949432824843,-161.05711741572495,19.542021447345835,0.06686043884187215
3727.0,0.08859472449235395,-0.4071031518744882,173.00290740988444,Clouds,1.5657345398136435,12.0,736.1483985457518,12.000153505298229,12.0,200.0,171.37071557559327,0.002455526744924823,-161.00624201494526,19.592896848125513,0.0664572944775542
3728.0,0.08733907215152947,-0.35662625142122517,172.95247075149024,Clouds,1.5607890021053104,12.0,732.3365110467823,12.000151653496737,12.0,200.0,171.32562187625896,0.0024428116568789146,-160.955765114492,19.643373748578774,0.06605987312594708
3729.0,0.08609976404683567,-0.3065629271934916,172.90244830178605,Clouds,1.5559313646683062,12.0,728.5712493071758,12.000149772573831,12.0,200.0,171.28084872735496,0.0024302520956253535,-160.9057017902643,19.693437072806507,0.06566820976277608
3730.0,0.08487714871746854,-0.25692851861701066,172.8528554053261,Clouds,1.5511619856696168,12.0,724.8533440446395,12.000147862292692,12.0,200.0,171.2364110793607,0.00241785049857605,-160.8560673816878,19.74307148138299,0.06528234029578012
3731.0,0.08367156796123004,-0.207738611059488,172.80370765232482,Clouds,1.5464811948549104,12.0,721.1835311263018,12.000145922429438,12.0,200.0,171.19232415601633,0.0024056093203195317,-160.80687747413026,19.792261388940513,0.06490230145356794
3732.0,0.08248335687769992,-0.15900904716733136,172.75502088996208,Clouds,1.5418892932481918,12.0,717.5625526414228,12.000143952774586,12.0,200.0,171.14860346581,0.0023935310361991257,-160.75814791023814,19.84099095283267,0.06452813090389146
3733.0,0.08131283086994129,-0.11075589968522215,172.70681119519287,Clouds,1.5373865492862457,12.0,713.9911551272844,12.0001419531335,12.0,200.0,171.1052647788298,0.00238161813639516,-160.709894762756,19.889244100314777,0.06415986707688007
3734.0,0.08016033269146577,-0.06299547312222915,172.6590948763861,Clouds,1.5329731978299102,12.0,710.4700899855968,12.000139923327657,12.0,200.0,171.06232412934048,0.0023698731273139526,-160.662134336193,19.93700452687777,0.06379754921571465
3735.0,0.07902616318758454,-0.015744293767236916,172.61188846331777,Clouds,1.528649438206346,12.0,707.0001130592653,12.000137863195658,12.0,200.0,171.01979780776992,0.00235829853017605,-160.61488315683803,19.984255706232762,0.06344121734149533
3736.0,0.07791062543720534,0.03098091148550763,172.56520868598218,Clouds,1.524415431422169,12.0,703.5819834253016,12.000135772593898,12.0,200.0,170.97770234242287,0.0023468968769898195,-160.56815795158528,20.03098091148551,0.06309091213715802
3737.0,0.07681401395183324,0.0771632083273899,172.51907248136519,Clouds,1.5202713001217039,12.0,700.2164642747417,12.000133651398217,12.0,200.0,170.93605450619492,0.002335670713486534,-160.52197565474341,20.077163208327388,0.0627466750485505
3738.0,0.07573661393253978,0.12278548561541522,172.47349696285556,Clouds,1.5162171253855456,12.0,696.9043210834694,12.00013149950428,12.0,200.0,170.89487128936494,0.0023246225930188993,-160.47635337745535,20.122785485615413,0.06240854810509366
3739.0,0.07467870123996251,0.16783045803498353,172.42849941755125,Clouds,1.512252946317605,12.0,693.6463218609993,12.000129316829032,12.0,200.0,170.85416989727648,0.002313755077390904,-160.4313084050358,20.167830458034985,0.0620765739571743
3740.0,0.07364054208079812,0.21228068258578164,172.38409728975282,Clouds,1.5083787586786928,12.0,690.4432364173925,12.000127103311616,12.0,200.0,170.8139677352625,0.002303070734412513,-160.38685818048498,20.21228068258578,0.061750795811638046
3741.0,0.07262239278674476,0.2561185732339573,172.34030816628854,Clouds,1.5045945140142827,12.0,687.2958357946692,12.000124858914454,12.0,200.0,170.77428239488944,0.0022925721360030652,-160.34302028983683,20.25611857323396,0.061431257384788746
3742.0,0.07162449968266438,0.2993264138238893,172.29714976357786,Clouds,1.5009001192929166,12.0,684.2048918493401,12.000122583624357,12.0,200.0,170.73513164141218,0.0022822618567987464,-160.29981244924693,20.29932641382389,0.061118002872763415
3743.0,0.07064709875880726,0.34188638164932666,172.2546399040435,Clouds,1.497295436031483,12.0,681.1711760975968,12.000120277453325,12.0,200.0,170.69653339116596,0.0022721424703005598,-160.25725248142146,20.341886381649328,0.06081107684604804
3744.0,0.06969041572485896,0.3837805567433903,172.2127965067931,Clouds,1.493780281082052,12.0,678.1954596077384,12.000117940439832,12.0,200.0,170.65850570145884,0.0022622165485155013,-160.2153583063274,20.383780556743393,0.060510524252213926
3745.0,0.06875466586759993,0.4249909418496859,172.17163756762824,Clouds,1.490354426969025,12.0,675.278512147048,12.00011557264976,12.0,200.0,170.62106675031697,0.002252486659110844,-160.1741479212211,20.424990941849686,0.06021639034221696
3746.0,0.067840054004776,0.4654994804944393,172.1311811409504,Clouds,1.487017602898876,12.0,672.4211014844883,12.000113174177388,12.0,200.0,170.5842348174373,0.0022429553630881815,-160.13363938257635,20.46549948049444,0.05992872061419696
3747.0,0.06694677453008735,0.5052880732866537,172.09144532343777,Clouds,1.4837694964529349,12.0,669.6239928336754,12.000110745146475,12.0,200.0,170.54802826621358,0.0022336252129253878,-160.09385078978414,20.50528807328665,0.05964756077126126
3748.0,0.06607501128577414,0.5443386041786474,172.0524482277709,Clouds,1.4806097550378474,12.0,666.8879476088131,12.000108285710889,12.0,200.0,170.51246551612167,0.0022244987484268636,-160.05480025889213,20.544338604178648,0.059372956611357094
3749.0,0.06522493779487476,0.5826329530005827,172.01420797007145,Clouds,1.4775379890539142,12.0,664.2137231591432,12.000105796055829,12.0,200.0,170.47756502700284,0.0022155784958377547,-160.0165059100702,20.582632953000584,0.05910495401470033
3750.0,0.06439671731823632,0.6201530179640576,171.9767426473831,Clouds,1.4745537748642192,12.0,661.6020718086883,12.000103276398562,12.0,200.0,170.44334527365532,0.002206866964640879,-159.9789858451067,20.620153017964057,0.0588435988635888
3751.0,0.06357258290470635,0.657699434054046,171.9392516192607,Clouds,1.4708379606708752,12.0,659.0537400446465,12.000100726989277,12.0,200.0,170.4098247216137,0.002198366644849506,-159.94143942901675,20.657699434054045,0.05858893697613492
3752.0,0.06272961900851176,0.6963278523743827,171.90067922840643,Clouds,1.4653164103955647,12.0,656.569467836414,12.000098148111936,12.0,200.0,170.37702180395627,0.0021900800047358563,-159.9028110106964,20.69632785237438,0.05834101405459477
3753.0,0.061911035225319044,0.7340619447557639,171.8630017960537,Clouds,1.4599470313457061,12.0,654.1499873265675,12.000095540084661,12.0,200.0,170.3449548891385,0.0021820094864646914,-159.86507691831503,20.734061944755766,0.058099875569481846
3754.0,0.061116945881676044,0.770882491331577,171.8262385343698,Clouds,1.454730707515203,12.0,651.7960224281462,12.000092903260713,12.0,200.0,170.31364226011678,0.00217415750474999,-159.8282563717392,20.77088249133158,0.0578655667377965
3755.0,0.06034745475164066,0.8067703935895042,171.79040853339467,Clouds,1.4496683164813433,12.0,649.5082877858368,12.000090238028946,12.0,200.0,170.28310208447922,0.0021665264433898363,-159.7923684694813,20.806770393589503,0.0576381324340825
3756.0,0.05960265537008247,0.8417067044886101,171.75553073091277,Clouds,1.4447607279283963,12.0,647.287487880291,12.00008754481431,12.0,200.0,170.2533523858651,0.002159118652278741,-159.7574321585822,20.84170670448861,0.05741761711928237
3757.0,0.05888263142455352,0.8756726571277379,171.72162388377325,Clouds,1.4400088024576954,12.0,645.134316258483,12.000084824078396,12.0,200.0,170.22441101653516,0.0021519364448403934,-159.72346620594305,20.87567265712774,0.05720406478039054
3758.0,0.05818745699222755,0.9086497028239006,171.68870652981178,Clouds,1.435413389163176,12.0,643.049454198222,12.00008207631941,12.0,200.0,170.19629562183337,0.002144982093572954,-159.69048916024687,20.9086497028239,0.056997518815213484
3759.0,0.05751719708770947,0.9406195364792446,171.65679696247122,Clouds,1.430975325052644,12.0,641.0335702089083,12.00007930207276,12.0,200.0,170.16902361541895,0.002138257828383756,-159.65851932659154,20.940619536479247,0.05679802199959939
3760.0,0.05687190808974929,0.9715641292923406,171.625913198087,Clouds,1.426695433496894,12.0,639.0873190885218,12.000076501911204,12.0,200.0,170.14261214817975,0.0021317658334437544,-159.62757473377846,20.97156412929234,0.05660561641036184
3761.0,0.05625162331957306,1.0014657698818104,171.59607293477305,Clouds,1.4225745215769956,12.0,637.2113404740523,12.00007367644442,12.0,200.0,170.11707806989597,0.0021255082423522888,-159.59767309318897,21.001465769881808,0.056420343300046555
3762.0,0.05565641160850149,1.0303070830539978,171.56729353363727,Clouds,1.4186133805502497,12.0,635.4062588163229,12.000070826319776,12.0,200.0,170.09243790997684,0.0021194871380530956,-159.56883178001678,21.030307083053998,0.05624224311018482
3763.0,0.05508629233321294,1.05807107742633,171.5395919711808,Clouds,1.4148127823757988,12.0,633.6726815527105,12.000067952221304,12.0,200.0,170.0687078334975,0.002113704546739166,-159.54106778564446,21.05807107742633,0.056071355307491785
3764.0,0.05454129191918994,1.084741168755944,171.51298481596197,Clouds,1.4111734795956195,12.0,632.0111988151796,12.000065054870035,12.0,200.0,170.04590361799455,0.0021081624368788476,-159.51439769431485,21.084741168755944,0.05590771837182893
3765.0,0.05402143046302088,1.1103012228370024,171.48748818572153,Clouds,1.4076962025480186,12.0,630.4223819170634,12.00006213502297,12.0,200.0,170.02404061351032,0.002102862714168291,-159.48883764023378,21.110301222837002,0.055751369663167606
3766.0,0.0535267225341744,1.1347355754187851,171.46311772745722,Clouds,1.4043816596999983,12.0,628.9067832734462,12.000059193473415,12.0,200.0,170.0031337223278,0.002097807221265874,-159.464403287652,21.134735575418784,0.055602345429448446
3767.0,0.05305717744685745,1.1580290780769849,171.4398885715853,Clouds,1.401230534439126,12.0,627.4649346981494,12.000056231049486,12.0,200.0,169.98319735649144,0.0020929977321115572,-159.44110978499378,21.158029078076982,0.05546068065475686
3768.0,0.052612799953043965,1.180167123073126,171.41781530708724,Clouds,1.3982434846849454,12.0,626.0973469996225,12.000053248613817,12.0,200.0,169.96424541336762,0.002088435950578925,-159.41897173999766,21.180167123073126,0.05532640903466824
3769.0,0.05219359077679109,1.2011356753384537,171.39691194954494,Clouds,1.3954211414870834,12.0,624.8045091162498,12.000050247062688,12.0,200.0,169.94629124515157,0.002084123507590874,-159.39800318773234,21.201135675338453,0.05519956290626148
3770.0,0.051799547049324435,1.220921308517734,171.3771919051274,Clouds,1.392764107026686,12.0,623.5868869812713,12.000047227324634,12.0,200.0,169.92934762495028,0.0020800619573334007,-159.37821755455306,21.22092130851773,0.05508017315043909
3771.0,0.051430662939189464,1.2395112300257272,171.35866794555088,Clouds,1.3902729540221417,12.0,622.444923041355,12.00004419035967,12.0,200.0,169.91342672236965,0.0020762527756497296,-159.35962763304505,21.239511230025727,0.054968269159114055
3772.0,0.05108693013356608,1.2568933119710795,171.34135217718492,Clouds,1.3879482242637207,12.0,621.3790353808114,12.000041137157929,12.0,200.0,169.89854007415929,0.002072697357119009,-159.34224555109972,21.25689331197108,0.054863878761903434
3773.0,0.05076833836815553,1.2730561177882225,171.32525601444718,Clouds,1.3857904276263948,12.0,620.3896170744008,12.000038068738416,12.0,200.0,169.88469855864506,0.0020693970128975053,-159.32608274528258,21.273056117788226,0.05476702817574228
3774.0,0.05047487579648996,1.287988934867378,171.31039014721765,Clouds,1.383800040179609,12.0,619.477035131035,12.000034986147002,12.0,200.0,169.87191236512487,0.0020663529671951755,-159.3111499282034,21.28798893486738,0.05467774191317048
3775.0,0.05020652967806816,1.3016817885426906,171.2967645268621,Clouds,1.3819775046503655,12.0,618.6416305358695,12.000031890455865,12.0,200.0,169.86019097941423,0.002063566357416068,-159.2974570745281,21.30168178854269,0.054596042797488524
3776.0,0.049963286514282224,1.3141254814519174,171.2843883269411,Clouds,1.380323227391814,12.0,617.8837166852445,12.000028782760351,12.0,200.0,169.8495431477286,0.002061038228937849,-159.28501338161885,21.314125481451917,0.05452195182064987
3777.0,0.04974513273228892,1.3253116020021485,171.27326993475467,Clouds,1.3788375793004959,12.0,617.2035796607396,12.000025664178484,12.0,200.0,169.83997686727497,0.0020587695360259517,-159.27382726106862,21.325311602002152,0.05445548817916346
3778.0,0.04955205495379278,1.3352325507430391,171.26341692502177,Clouds,1.3775208942077635,12.0,616.6014773455369,12.000022535848553,12.0,200.0,169.83149936161698,0.0020567611388860783,-159.26390631232775,21.335232550743036,0.054396669197016516
3779.0,0.049384040301720444,1.3438815613847361,171.25483603891115,Clouds,1.3763734678194004,12.0,616.0776388065336,12.000019398926858,12.0,200.0,169.8241170608183,0.0020550138016031533,-159.25525730168604,21.343881561384737,0.05434551027346368
3780.0,0.049241076809167506,1.351252712857883,171.2475331720151,Clouds,1.3753955576617702,12.0,615.6322641562887,12.000016254586164,12.0,200.0,169.81783558947686,0.0020535281916808216,-159.2478861502129,21.351252712857885,0.05430202487645204
3781.0,0.04912315360957903,1.3573409487355748,171.2415133549846,Clouds,1.3745873818779473,12.0,615.2655238949943,12.00001310401307,12.0,200.0,169.8126597486221,0.0020523048778465077,-159.24179791433522,21.357340948735576,0.05426622448452898
3782.0,0.0490302612253572,1.3621420875317427,171.23678074327356,Clouds,1.3739491190358257,12.0,614.9775587358985,12.000009948406047,12.0,200.0,169.80859350566166,0.0020513443294690836,-159.23699677553904,21.36214208753174,0.05423811857604193
3783.0,0.048962391838000996,1.3656528297173596,171.23333861015905,Clouds,1.3734809081709267,12.0,614.7684795542266,12.000006788973767,12.0,200.0,169.8056399873602,0.0020506469163884926,-159.23348603335344,21.36565282971736,0.05421771462791168
3784.0,0.048919539263935774,1.3678707756199802,171.23118932892157,Clouds,1.3731828472032692,12.0,614.6383665957616,12.00000362693142,12.0,200.0,169.80380146367625,0.002050212906275853,-159.23126808745081,21.36787077561998,0.05420501804205471
3785.0,0.048901699271081456,1.368794421262873,171.23033437702333,Clouds,1.3730549940424188,12.0,614.5872699486334,12.000000463499921,12.0,200.0,169.80307935078685,0.0020500424662071833,-159.23034444180792,21.36879442126287,0.05420003219407983
3786.0,0.04891113442040046,1.3683059056774562,171.2307743251243,Clouds,1.3730973654906797,12.0,614.6152090078169,11.999997299902452,12.0,200.0,169.80347420125102,0.0020501356608771558,-159.23083295739335,21.368305905677456,0.05420275838256668
3787.0,0.048945969062400285,1.3665027165430375,171.23250883910973,Clouds,1.3733099376467781,12.0,614.7221726517841,11.99999413736267,12.0,200.0,169.80498570561588,0.002050492453188346,-159.23263614652774,21.36650271654304,0.05421319584707638
3788.0,0.049005817066613666,1.3634062488812873,171.23553668003322,Clouds,1.3736926458248042,12.0,614.908119209365,11.999990977102188,12.0,200.0,169.80761269244394,0.0020511127041406927,-159.2357326141895,21.36340624888129,0.05423134176448384
3789.0,0.04909068296349384,1.3590186692138306,171.23985570781213,Clouds,1.3742453847561233,12.0,615.1729765733943,11.999987820338392,12.0,200.0,169.81135313179743,0.0020519961732105825,-159.24012019385697,21.35901866921383,0.054257191258558546
3790.0,0.0492005730452339,1.353343041372781,171.2454628849033,Clouds,1.3749680085797706,12.0,615.5166422313413,11.999984668281675,12.0,200.0,169.8162041389227,0.0020531425184530205,-159.245795821698,21.353343041372778,0.05429073740081023
3791.0,0.04933549525485742,1.3463833168681725,171.2523542858945,Clouds,1.3758603314047209,12.0,615.9389835766204,11.999981522133554,12.0,200.0,169.82216198325202,0.0020545512975400485,-159.25275554620262,21.346383316868174,0.05433197123776562
3792.0,0.0494954589920783,1.3381443251911196,171.26052510715266,Clouds,1.3769221276780566,12.0,616.439838144518,11.999978383084427,12.0,200.0,169.82922209766542,0.0020562219685477147,-159.26099453787967,21.338144325191116,0.05438088180916256
3793.0,0.04968047486028315,1.3286317628998345,171.2699696776803,Clouds,1.3781531325145133,12.0,617.0190138447729,11.999975252310934,12.0,200.0,169.83737908899928,0.002058153890731877,-159.27050710017096,21.328631762899835,0.05443745616648936
3794.0,0.0498905544252064,1.3178521779963372,171.2806814747012,Clouds,1.3795530424583522,12.0,617.6762894088996,11.999972130974216,12.0,200.0,169.8466267528335,0.002060346326020315,-159.28128668507446,21.317852177996336,0.05450167940936477
3795.0,0.0501257099007405,1.3058129541190933,171.29265313941985,Clouds,1.3811215160842762,12.0,618.4114147764756,11.999969020217714,12.0,200.0,169.8569580886183,0.002062798440301242,-159.2933259089517,21.305812954119094,0.05457353471726496
3796.0,0.05038595381222816,1.2925222921431445,171.30587649538046,Clouds,1.382858174765732,12.0,619.224111572219,11.999965921165295,12.0,200.0,169.868365317227,0.002065509305014668,-159.30661657092764,21.292522292143143,0.054653003387749116
3797.0,0.05067129861305897,1.277989190634419,171.32034256796172,Clouds,1.3847626034258727,12.0,620.1140735876581,11.9999628349189,12.0,200.0,169.88083989966046,0.0020684778987590745,-159.32114967243638,21.277989190634415,0.054740064875371884
3798.0,0.05098175629508733,1.2622234233150738,171.336041606881,Clouds,1.386834351529849,12.0,621.0809673865975,11.999959762557152,12.0,200.0,169.89437255851087,0.002071703109311034,-159.33691543975573,21.262223423315074,0.0548346968403184
3799.0,0.05131733795310489,1.2452355158171629,171.35296310940004,Clouds,1.389072934023121,12.0,622.1244328968213,11.999956705133478,12.0,200.0,169.90895330017946,0.0020751837355989164,-159.3539033472536,21.245235515817164,0.054936875197430804
3800.0,0.051678053328061746,1.2270367207191162,171.37109584525578,Clouds,1.3914778323631771,12.0,623.2440840556933,11.999953663674626,12.0,200.0,169.92457143872556,0.0020789184898563832,-159.37210214235168,21.227036720719113,0.05504657416705898
3801.0,0.052063910332115826,1.2076389909840157,171.39042788318037,Clouds,1.3940484956381844,12.0,624.4395095057547,11.999950639178715,12.0,200.0,169.94121562120998,0.0020829059999426494,-159.39149987208677,21.207638990984016,0.05516376633221583
3802.0,0.05247491455264336,1.1870549522288123,171.41094661861032,Clouds,1.3967843417323427,12.0,625.7102733209889,11.999947632614274,12.0,200.0,169.95887385418072,0.0020871448117650406,-159.41208391084197,21.187054952228813,0.05528842269724347
3803.0,0.05291106873997026,1.1652978738745319,171.43263880250504,Clouds,1.3996847585397367,12.0,627.0559157637264,11.999944644918793,12.0,200.0,169.97753353121684,0.0020916333918037603,-159.43384098919626,21.165297873874533,0.0554205127484552
3804.0,0.05337237227772651,1.1423816395264001,171.45549057094453,Clouds,1.4027491051951362,12.0,628.4759540568308,11.999941676997697,12.0,200.0,169.99718146123223,0.0020963701296876215,-159.4567572235444,21.142381639526402,0.05556000451715375
3805.0,0.05385882067256753,1.1183207150631589,171.47948747700522,Clouds,1.40597671353775,12.0,629.9698832697962,11.999938729722757,12.0,200.0,170.0178038988161,0.0021013533411497506,-159.48081814800761,21.118320715063156,0.05570686465136546
3806.0,0.054370404967940544,1.0931301194637941,171.50461451993667,Clouds,1.4093668891490332,12.0,631.5371770144176,11.999935803932251,12.0,200.0,170.03938657231686,0.002106581270348094,-159.506008743607,21.093130119463794,0.05586105847076231
3807.0,0.054907111277393894,1.066825389003824,171.5308561809157,Clouds,1.4129189132319269,12.0,633.1772885326361,11.999932900428675,12.0,200.0,170.06191471762622,0.00211205209349408,-159.53231347406697,21.066825389003824,0.056022550057528334
3808.0,0.05546892017602034,1.039422548036017,171.5581964522801,Clouds,1.4166320435728719,12.0,634.8896513662598,11.99993001997942,12.0,200.0,170.0853731064002,0.0021177639210865663,-159.55971631503476,21.03942254803602,0.056191302307066954
3809.0,0.05605580619005368,1.0109380747955172,171.58661887169913,Clouds,1.4205055161488969,12.0,636.6736803267893,11.999927163315645,12.0,200.0,170.10974607854206,0.0021237148011468295,-159.58820078827526,21.01093807479552,0.05636727700817822
3810.0,0.05666775132211077,0.9813888669407176,171.6161065566178,Clouds,1.4245385467655816,12.0,638.5287724813135,11.999924331131613,12.0,200.0,170.13501757492884,0.00212990272250716,-159.61774999613007,20.981388866940716,0.05655043492342886
3811.0,0.05730468741177114,0.9507922102991105,171.64664223551557,Clouds,1.428730332261443,12.0,640.4543079410596,11.999921524084879,12.0,200.0,170.16117116740364,0.002136325617441182,-159.6483466527717,20.95079221029911,0.05674073585047256
3812.0,0.057966582824390434,0.919165742518623,171.6782082842357,Clouds,1.4330800524230192,12.0,642.4496509761568,11.999918742795428,12.0,200.0,170.18819009309593,0.0021429813653823034,-159.67997312055215,20.919165742518622,0.0569381387167502
3813.0,0.05865338276518417,0.8865274243667159,171.71078675470423,Clouds,1.437586870877757,12.0,644.5141506626356,11.9999159878465,12.0,200.0,170.21605728220175,0.002149867795081875,-159.71261143870407,20.886527424366715,0.0571426016247258
3814.0,0.05936502395216858,0.8528955021525169,171.74435941248822,Clouds,1.4422499372434614,12.0,646.6471421030813,11.999913259783684,12.0,200.0,170.24475539328722,0.0021569826886808515,-159.74624336091827,20.852895502152514,0.05735408195754381
3815.0,0.06010143412218816,0.8182884777562595,171.77890776677995,Clouds,1.4470683882795754,12.0,648.8479471893662,11.999910559115563,12.0,200.0,170.27426684206344,0.002164323784253993,-159.78085038531452,20.81828847775626,0.05757253643694245
3816.0,0.06086253161268024,0.7827250766865236,171.8144131023442,Clouds,1.4520413493641395,12.0,651.1158755123079,11.999907886313913,12.0,200.0,170.3045738317839,0.0021718887788441557,-159.81641378638426,20.78272507668652,0.05779792119611432
3817.0,0.061648225052299666,0.7462242129240253,171.85085651467008,Clouds,1.4571679364902086,12.0,653.4502255040896,11.999905241813519,12.0,200.0,170.33565838630295,0.0021796753322730006,-159.85291465014677,20.746224212924027,0.058030191876939016
3818.0,0.06245841287418957,0.7088049640692589,171.8882189348511,Clouds,1.4624472568932256,12.0,655.8502849550965,11.99990262601343,12.0,200.0,170.36750237429408,0.0021876810688649696,-159.89033389900152,20.70880496406926,0.05826930366377534
3819.0,0.06329298312845616,0.6704865347503912,171.9264811661683,Clouds,1.467878411409171,12.0,658.3153323126148,11.999900039276575,12.0,200.0,170.40008754336256,0.0021959035817792814,-159.9286523283204,20.670486534750392,0.058515211396568366
3820.0,0.06414157419974043,0.6317541777356859,171.96515796300378,Clouds,1.4729945492730991,12.0,660.8446372687887,11.999897481930942,12.0,200.0,170.43339554411858,0.0022043404349711446,-159.9673846853351,20.631754177735683,0.05876786961212524
3821.0,0.0649625830745838,0.5944954415192625,172.00236178325474,Clouds,1.4759265888683446,12.0,663.437461960769,11.999894954269584,12.0,200.0,170.46740796173856,0.0022129891671950233,-160.00464342155152,20.59449544151926,0.05902723264783416
3822.0,0.06580546463916132,0.5564579106060717,172.0403450480821,Clouds,1.4789454573748428,12.0,666.0930613478749,11.99989245655215,12.0,200.0,170.50210633604436,0.002221847293262711,-160.0426809524647,20.55645791060607,0.059293254662896755
3823.0,0.06667005815658877,0.5176596845906303,172.0790896628296,Clouds,1.482051579764572,12.0,668.8106845324952,11.999889989004817,12.0,200.0,170.53747219331032,0.0022309123084493848,-160.08147917848018,20.517659684590633,0.05956588975470568
3824.0,0.06755619268544061,0.47811888707250666,172.11857750813618,Clouds,1.4852453490230384,12.0,671.5895752999841,11.999887551821548,12.0,200.0,170.57348706711647,0.002240181690294504,-160.12101997599828,20.478118887072508,0.05984509199667036
3825.0,0.06846368695142041,0.4378536457158301,172.15879045989522,Clouds,1.4885271226990735,12.0,674.4289729011416,11.999885145164965,12.0,200.0,170.6101325216943,0.0022496529012118833,-160.16128521735496,20.43785364571583,0.060130815501800175
3826.0,0.06939234936911398,0.3968820678763153,172.1997104136361,Clouds,1.4918972204394993,12.0,677.3281131570978,11.999882769166756,12.0,200.0,170.6473901786782,0.0022593233921751887,-160.2022567951945,20.396882067876312,0.06042301451842637
3827.0,0.07034197781239854,0.35522222959067395,172.24131929557345,Clouds,1.4953559210366143,12.0,680.2862286322902,11.99988042392944,12.0,200.0,170.6852417311038,0.0022691906032949304,-160.24391663348013,20.355222229590673,0.06072164343305672
3828.0,0.07131235979709843,0.3128921485857686,172.28359908960067,Clouds,1.498903461365391,12.0,683.3025499479988,11.999878109526506,12.0,200.0,170.72366897134725,0.0022792519681999433,-160.286246714485,20.312892148585767,0.06102665688804756
3829.0,0.07230327240737722,0.26990977088619406,172.32653185071428,Clouds,1.5025400347546871,12.0,686.3763061508856,11.999875826003882,12.0,200.0,170.76265380615436,0.0022895049152666996,-160.3292290921846,20.269909770886194,0.06133800980525798
3830.0,0.07331448239422156,0.226292952091259,172.37009972375606,Clouds,1.5062657903166323,12.0,689.506725475274,11.999873573380807,12.0,200.0,170.80217827598997,0.002299946870162004,-160.37284591097955,20.226292952091256,0.06165565744943936
3831.0,0.07434574625184753,0.18205944184920023,172.41428495896358,Clouds,1.5100808324892423,12.0,692.6930358975367,11.999871351650983,12.0,200.0,170.84222457100284,0.0023105752576922287,-160.4170794212216,20.1820594418492,0.06197955547148865
3832.0,0.07539681045666691,0.1372268635563931,172.45906993228672,Clouds,1.5139852214445084,12.0,695.9344660567239,11.999869160783291,12.0,200.0,170.88277505085335,0.0023213875048742013,-160.4619119995144,20.137226863556393,0.062309659988841026
3833.0,0.07646741158647102,0.0918127014051753,172.50443715836718,Clouds,1.517978973280629,12.0,699.2302456731625,11.999867000723063,12.0,200.0,170.92381225746976,0.0023323810423315004,-160.5073261616656,20.091812701405175,0.06264592761680657
3834.0,0.07755727639143467,0.0458342914727168,172.55036929948116,Clouds,1.5220620602211685,12.0,702.5796056953707,11.999864871393516,12.0,200.0,170.96531892378886,0.0023435533047845075,-160.5533045715981,20.045834291472715,0.06298831547114303
3835.0,0.0786661223756337,-0.0006912067021760852,172.59684919396346,Clouds,1.5262344128883236,12.0,705.9817798946722,11.999862772695819,12.0,200.0,171.00727799975547,0.0023549017363694727,-160.59983006977296,19.99930879329782,0.06333678131966236
3836.0,0.07979365772724112,-0.047746808994162754,172.64385985512715,Clouds,1.530495920269019,12.0,709.4360043427284,11.999860704511116,12.0,200.0,171.04967265133905,0.0023664237888957446,-160.64688567206497,19.952253191005838,0.06369128351907223
3837.0,0.08093958174833804,-0.09531572480874242,172.69138448939475,Clouds,1.5348464316534396,12.0,712.9415183165389,11.999858666701192,12.0,200.0,171.092486276645,0.0023781169248645304,-160.69445458787953,19.904684275191258,0.06405178109632986
3838.0,0.08210359654434596,-0.1433813719360329,172.73940651117027,Clouds,1.5392857585468724,12.0,716.4975650039194,11.99985665910929,12.0,200.0,171.13570251881066,0.002389978619822115,-160.74252023500685,19.856618628063966,0.06441823381275244
3839.0,0.08328536095738182,-0.19192738288523986,172.787909549202,Clouds,1.5438136760159848,12.0,720.1033916148147,11.99985468156143,12.0,200.0,171.17930527102004,0.002402006362731162,-160.79106624595602,19.80807261711476,0.0647906021659771
3840.0,0.08448456224009881,-0.2409376164758284,172.83687745819347,Clouds,1.5484299246989233,12.0,723.7582499113746,11.999852733867316,12.0,200.0,171.22327868605876,0.0024141976577388567,-160.8400764795466,19.75906238352417,0.0651688474357629
3841.0,0.08570086763594092,-0.29039616713185246,172.88629432811913,Clouds,1.5531342127658845,12.0,727.4613966031076,11.999850815821317,12.0,200.0,171.26760718363528,0.0024265500254949963,-160.88953503020264,19.709603832868147,0.06555293171797716
3842.0,0.08693393732658616,-0.3402873733969896,172.93614449276032,Clouds,1.5579262179478572,12.0,731.2120937180006,11.999848927203427,12.0,200.0,171.31227545685792,0.0024390610043899122,-160.9394262364678,19.65971262660301,0.06594281795453133
3843.0,0.08818342480595392,-0.3905958239764928,172.9864125357695,Clouds,1.5628055894411461,12.0,735.0096088213398,11.999847067780307,12.0,200.0,171.35726847637847,0.002451728151284379,-160.98973468704727,19.60940417602351,0.06633846994986527
3844.0,0.08944897743435132,-0.4413063697685438,173.03708330271618,Clouds,1.5677719504929952,12.0,738.8532157202776,11.999845237305932,12.0,200.0,171.40257149978507,0.0024645490438597946,-161.04044523283932,19.558693630231456,0.06673985243810636
3845.0,0.0907302367540685,-0.49240412510097087,173.08814190234855,Clouds,1.5728249000226826,12.0,742.742194389,11.999843435522758,12.0,200.0,171.44817007125675,0.0024775212803685677,-161.09154298817177,19.507595874899028,0.06714693106913017
3846.0,0.09202683897792369,-0.5438744748991935,173.1395737137785,Clouds,1.5779640148777259,12.0,746.6758313714002,11.9998416621625,12.0,200.0,171.4940500264545,0.002490642480977291,-161.14301333797,19.456125525100806,0.06755967244628487
3847.0,0.09333841544371024,-0.5957030795038183,173.1913643913178,Clouds,1.5831888519101005,12.0,750.6534200389727,11.999839916946986,12.0,200.0,171.54019749525958,0.0025039102886269832,-161.1948419425746,19.40429692049618,0.06797804414811286
3848.0,0.09466459307332631,-0.6478758788104549,173.24349986863518,Clouds,1.5884989500220854,12.0,754.6742608276996,11.999838199588948,12.0,200.0,171.58659890386366,0.0025173223698232586,-161.24701474188126,19.352124121189544,0.06840201474939572
3849.0,0.09600499478818325,-0.7003790939356634,173.2959663604419,Clouds,1.5938938319852738,12.0,758.7376613135847,11.99983650979294,12.0,200.0,171.63324097463078,0.002530876414888278,-161.29951795700646,19.299620906064337,0.06883155382583511
3850.0,0.09735924015829639,-0.753199237353349,173.3487503726367,Clouds,1.5993730071468237,12.0,762.8429369735879,11.999834847255713,12.0,200.0,171.68011073345897,0.002544570140498958,-161.35233810042416,19.24680076264665,0.06926663203087634
3851.0,0.09872694553909206,-0.8063231024134463,173.40183869185367,Clouds,1.6049359720170961,12.0,766.9894103770198,11.999833211667566,12.0,200.0,171.72719549882788,0.002558401286989747,-161.40546196548425,19.193676897586553,0.06970722100866178
3852.0,0.1001077248592076,-0.8597377778153924,173.4552183999381,Clouds,1.610582213434205,12.0,771.1764123380473,11.999831602712463,12.0,200.0,171.77448289299042,0.002572367622196978,-161.4588766408862,19.140262222184607,0.07015329351345927
3853.0,0.10150118989022189,-0.913430641444498,173.50887686780467,Clouds,1.6163112095837804,12.0,775.4032814919264,11.999830020069021,12.0,200.0,171.82196083485707,0.0025864669400453245,-161.51256950451528,19.086569358555504,0.07060482336380654
3854.0,0.10290695074527373,-0.9673893628264075,173.56280175790437,Clouds,1.6221224318965648,12.0,779.6693645634091,11.999828463411097,12.0,200.0,171.8696175405378,0.002600697061443117,-161.5665282258972,19.032610637173594,0.07106178547000705
3855.0,0.10432461632491313,-1.0216019032781305,173.61698102438876,Clouds,1.6280153466868799,12.0,783.9740164784595,11.999826932408384,12.0,200.0,171.9174415218556,0.0026150558346549847,-161.62074076634892,18.978398096721868,0.07152415584626494
3856.0,0.10575379470425439,-1.0760565136533256,173.67140291086974,Clouds,1.6339894165047395,12.0,788.3166003054486,11.999825426727094,12.0,200.0,171.96542158276148,0.0026295411351057022,-161.6751953767241,18.923943486346676,0.0719919116035393
3857.0,0.10719409376620542,-1.1307417413513345,173.72605595743434,Clouds,1.6400441024834989,12.0,792.6964879554004,11.999823946030203,12.0,200.0,172.0135468239243,0.0026441508677159595,-161.7298806044221,18.869258258648664,0.07246503102654864
3858.0,0.10864512126492432,-1.1856464156056175,173.78092898595594,Clouds,1.6461788642632746,12.0,797.1130591672381,11.999822489978513,12.0,200.0,172.06180662822757,0.0026588829635175084,-161.7847852786764,18.814353584394382,0.07294349346508955
3858.645944218,0.10958792362027897,-1.2212233173449605,173.8164857274614,Clouds,1.6501838931965207,12.0,799.9851316034805,11.999821562391599,12.0,200.0,172.0930464496105,0.0026684631659528953,-161.82036218041574,18.77877668265504,0.07325538465437323
9763.368317651,0.10948657865329225,-1.2174026309059012,173.81574460479538,Rain,1.6492866287958923,12.0,799.9993701022424,12.000036694736323,12.0,200.0,172.09320104364406,0.002668510660472461,-161.8165414939767,18.7825973690941,0.0732569323554367
9764.0,0.10929969384879734,-1.210354853638501,173.80872934561506,Rain,1.6484943079984251,12.0,799.4320961770729,12.00003519749222,12.0,200.0,172.0870397556876,0.002666618438336674,-161.8094937167093,18.789645146361497,0.07319528192903767
9765.0,0.10901965771022282,-1.1997886597549237,173.7982147681107,Rain,1.6473085146756565,12.0,798.5824399127679,12.000032820874315,12.0,200.0,172.07780326744444,0.00266378429010635,-161.7989275228257,18.800211340245077,0.07310298599061127
9766.0,0.10875907397066242,-1.1899504606001134,173.78842834473647,Rain,1.6462067328157424,12.0,797.7922509360803,12.00003043688858,12.0,200.0,172.06920441550244,0.0026611485033959073,-161.7890893236709,18.810049539399888,0.07301719641828022
9767.0,0.1085180128148373,-1.1808441577529487,173.77937396603113,Rain,1.6451890019569937,12.0,797.0617069953652,12.000028046043091,12.0,200.0,172.06124704177924,0.002658711671110036,-161.77998302082372,18.81915584224705,0.0729379222948972
9768.0,0.10829653910119252,-1.1724733783588759,173.77105524793382,Rain,1.6442553580827286,12.0,796.3909730762824,12.00002564885361,12.0,200.0,172.05393471777413,0.0026564743435816603,-161.77161224142966,18.827526621641123,0.0728651720769631
9769.0,0.10809471232856577,-1.1648414689359685,173.7634755256087,Rain,1.6434058336359902,12.0,795.7802011356747,12.000023245842712,12.0,200.0,172.0472707384027,0.002654437027684248,-161.76398033200678,18.83515853106403,0.07279895357002879
9770.0,0.10791258666134912,-1.1579514917082343,173.75663784978317,Rain,1.6426404577681053,12.0,795.2295300217344,12.000020837539575,12.0,200.0,172.04125811809007,0.0026526001865655154,-161.757090354779,18.842048508291764,0.07273927392499337
9771.0,0.10775021091587211,-1.151806219812602,173.75054498196886,Rain,1.6419592564108405,12.0,794.7390852869739,12.000018424479324,12.0,200.0,172.03589958593568,0.002650964239023565,-161.7509450828834,18.848193780187398,0.07268613962233175
9772.0,0.10760762856309114,-1.1464081334812424,173.74519939065442,Rain,1.6413622524067915,12.0,794.3089790617867,12.00001600720255,12.0,200.0,172.03119758178659,0.002649529559085128,-161.74554699655204,18.85359186651876,0.07263955646105964
9773.0,0.10748487770663667,-1.1417594156686057,173.7406032469552,Rain,1.640849465521099,12.0,793.9393098661577,12.000013586254278,12.0,200.0,172.02715425189137,0.0026482964753775018,-161.7408982787394,18.858240584331394,0.07259952954272617
9774.0,0.10738199111723434,-1.1378619502077651,173.73675842276504,Rain,1.6404209126796696,12.0,793.6301626036861,12.000011162184164,12.0,200.0,172.02377144681196,0.0026472652711086084,-161.73700081327854,18.862138049792236,0.07256606327339789
9775.0,0.10729899619898042,-1.1347173177964518,173.73366648677347,Rain,1.6400766079067162,12.0,793.3816083649339,12.000008735545071,12.0,200.0,172.02105071752186,0.002646436183411038,-161.73385618086724,18.86528268220355,0.07253916134490558
9776.0,0.10723591500916724,-1.1323267944342015,173.73132870290362,Rain,1.6398165624743077,12.0,793.1937044056543,12.000006306893026,12.0,200.0,172.01899331369444,0.0026458094032694255,-161.731465657505,18.867673205565797,0.07251882673487303
9777.0,0.10719276424796542,-1.1306913491524577,173.72974602806838,Rain,1.6396407849128334,12.0,793.0664940504361,12.000003876786026,12.0,200.0,172.01760018145842,0.0026453850751990433,-161.72983021222325,18.869308650847543,0.07250506169717849
9778.0,0.10716955526782762,-1.1298116429355485,173.7289191110882,Rain,1.639549281089314,12.0,793.00000666919,12.000001445784184,12.0,200.0,172.01687196223696,0.002645163297167369,-161.72895050600633,18.870188357064453,0.07249786776196426
9779.0,0.10716742325775458,-1.1297308294448334,173.72884829147955,Rain,1.639542054207335,12.0,792.9942576230592,11.999999014448296,12.0,200.0,172.01680899154235,0.0026451441204136603,-161.72886969251562,18.87026917055517,0.07249724572986477
9780.0,0.10718689608127263,-1.1304689284821832,173.7295335990828,Rain,1.639619104834761,12.0,793.0492482572243,11.999996583339668,12.0,200.0,172.01741129857606,0.0026453275494249568,-161.72960779155295,18.869531071517816,0.07250319567199734
9781.0,0.10722631227776352,-1.131962858336221,173.73097475397907,Rain,1.6397804309022903,12.0,793.1649658960453,11.999994153019331,12.0,200.0,172.0186786061475,0.0026457135419198745,-161.731101721407,18.868037141663777,0.07251571692926156
9782.0,0.10728566153752894,-1.1342120174017098,173.73317116672968,Rain,1.640026027669434,12.0,793.3413838438291,11.99999172404753,12.0,200.0,172.02061033094796,0.0026463020088511673,-161.7333508804725,18.86578798259829,0.07253480811230012
9783.0,0.10736492821137161,-1.1372154961170082,173.73612193989956,Rain,1.6403558877737714,12.0,793.5784614677638,11.999989296982628,12.0,200.0,172.02320558501646,0.0026470928146823617,-161.7363543591878,18.86278450388299,0.07256046710931668
9784.0,0.10746409127898893,-1.1409720771170295,173.7398258682127,Rain,1.6407700010594533,12.0,793.8761441508639,11.999986872381248,12.0,200.0,172.0264631760729,0.0026480857772308063,-161.7401109401878,18.859027922882973,0.0725926910803601
9785.0,0.10758312438180656,-1.1454802382732452,173.744281441562,Rain,1.6412683546644864,12.0,794.2343634537671,11.999984450796864,12.0,200.0,172.03038161042508,0.0026492806682073605,-161.74461910134403,18.854519761726753,0.0726314764724645
9786.0,0.10772199580361552,-1.1507381541923267,173.74948684650377,Rain,1.6418509328753041,12.0,794.6530371348894,11.999982032779617,12.0,200.0,172.03495909460852,0.002650677213283629,-161.74987701726312,18.84926184580767,0.07267681901994556
9787.0,0.107880668466169,-1.1567436987077417,173.75543996873625,Rain,1.6425177170303495,12.0,795.132069229874,11.999979618875717,12.0,200.0,172.04019353795485,0.002652275092356973,-161.75588256177855,18.843256301292257,0.072728713751034
9788.0,0.10805909995576324,-1.163494448956503,173.7621383971555,Rain,1.6432686855422374,12.0,795.6713502387032,11.999977209626481,12.0,200.0,172.04608255660884,0.00265407394017465,-161.7626333120273,18.836505551043498,0.07278715500444372
9789.0,0.10825724250046209,-1.170987687985404,173.7695794264565,Rain,1.6441038136981947,12.0,796.2707571769093,11.999974805568087,12.0,200.0,172.05262347632612,0.002656073346504632,-161.7701265510562,18.829012312014598,0.07285213643218966
9790.0,0.10847504297951044,-1.179220408957002,173.77776006132387,Rain,1.6450230735841873,12.0,796.9301537362866,11.999972407230889,12.0,200.0,172.05981333672636,0.0026582728566716864,-161.77835927202779,18.820779591043,0.07292365101330417
9791.0,0.1087124429262753,-1.1881893194732966,173.78667702074347,Rain,1.6460264339693045,12.0,797.649390437592,11.99997001513885,12.0,200.0,172.06764889570823,0.002660671972066729,-161.78732818254412,18.811810680526705,0.0730016910658998
9792.0,0.10896937853232291,-1.1978908462848359,173.79632674269942,Rain,1.6471138601820363,12.0,798.428304797081,11.999967629808987,12.0,200.0,172.0761266342561,0.0026632701507023266,-161.79702970935563,18.802109153715165,0.07308624826128157
9793.0,0.10924578063806567,-1.2083211398145253,173.80670538868907,Rain,1.648285313919117,12.0,799.2667214616804,11.999965251750966,12.0,200.0,172.08524276113664,0.0026660668076635883,-161.80746000288534,18.791678860185474,0.07317731363330543
9793.821551852,0.10948737287252097,-1.2174325761600089,173.81577451928703,Rain,1.649310568134013,12.0,799.999914978928,11.999963303847275,12.0,200.0,172.09320695957015,0.002668512477985447,-161.81657143923078,18.782567423839993,0.07325699158289245
15692.703215688,0.10959722301806357,-1.2215738599721953,173.81662189223672,Rain,1.6503938013273687,12.0,799.9784070648519,12.000188301021783,12.0,200.0,172.09297343719615,0.002668440735306463,-161.820712723043,18.778426140027804,0.07325465371318453
15693.0,0.10913948315467131,-1.2043106689379464,173.79936722548024,Rain,1.6484469550097307,12.0,798.5837159028262,12.000187908833496,12.0,200.0,172.07781714591135,0.0026637885463510432,-161.80344953200873,18.795689331062054,0.07310312455914568
15694.0,0.10760312670191746,-1.1462376663386207,173.7413232785234,Rain,1.641938356912824,12.0,793.9059250713163,12.000186572024406,12.0,200.0,172.02678900641627,0.0026481851156886552,-161.7453765294094,18.85376233366138,0.07259591519433248
15695.0,0.10607630294172993,-1.088318052051855,173.68343324069113,Rain,1.6355091975631244,12.0,789.2618296863363,12.00018521124431,12.0,200.0,171.97583014174202,0.002632694080937608,-161.68745691512265,18.911681947948146,0.07209390138593672
15696.0,0.1045594274360831,-1.0305621282875579,173.62570742264094,Rain,1.6291600915126097,12.0,784.6520331213403,12.000183826104038,12.0,200.0,171.9249502306407,0.0026173174547351034,-161.62970099135833,18.969437871712444,0.07159710048762902
15697.0,0.10305291762596425,-0.9729805202858793,173.56815645807234,Rain,1.6228916585279485,12.0,780.0771491595924,12.00018241621388,12.0,200.0,171.87415926837383,0.0026020572844417337,-161.57211938335666,19.02701947971412,0.0711055311705813
15698.0,0.1015571919999601,-0.9155841651505471,173.51079129256107,Rain,1.6167045204341144,12.0,775.5378008218665,12.000180981183513,12.0,200.0,171.823467558833,0.0025869156482311055,-161.5147230282213,19.08441583484945,0.0706192132939671
15699.0,0.10007266986032165,-0.8583843237129358,173.4536231954073,Rain,1.6105993004179568,12.0,771.0346210486707,12.000179520622744,12.0,200.0,171.77288572701514,0.0025718946573654988,-161.45752318678373,19.141615676287064,0.07013816797419933
15700.0,0.09859977079451021,-0.801392581443886,173.3966637605386,Rain,1.604576621039605,12.0,766.568252523215,12.000178034141909,12.0,200.0,171.72242472193597,0.0025569964556053475,-161.40053144451468,19.19860741855611,0.06966241756305311
15701.0,0.09713891418763226,-0.7446208511028776,173.33992490914744,Rain,1.5986371023500552,12.0,762.1393476511372,12.00017652135242,12.0,200.0,171.67209582115402,0.0025422232191416143,-161.34375971417367,19.255379148897124,0.06919198564339864
15702.0,0.09569051872119166,-0.6880813749798175,173.28341889192157,Rain,1.5927813598776233,12.0,757.7485685276336,12.00017498186729,12.0,200.0,171.62191063502104,0.00252757715648615,-161.28722023805062,19.31191862502018,0.06872689702292248
15703.0,0.09425500191026814,-0.6317867287000427,173.22715829283425,Rain,1.587010002684126,12.0,753.3965870453964,12.00017341530179,12.0,200.0,171.57188111240518,0.0025130605088317342,-161.2309255917708,19.368213271299958,0.0682671777449146
15704.0,0.09283277937170453,-0.5757498144342604,173.1711560223474,Rain,1.5813236302451614,12.0,749.0840842078094,12.000171821273792,12.0,200.0,171.52201953708868,0.002498675547761143,-161.17488867750507,19.42425018556574,0.06781285501352197
15705.0,0.09142426464830394,-0.5199838758240054,173.11542533231162,Rain,1.5757228314639717,12.0,744.8117511422158,12.000170199404916,12.0,200.0,171.47233854354653,0.002484424578627044,-161.11912273889482,19.480016124175993,0.06736395730114858
15706.0,0.09002986830519988,-0.46450248408168465,173.05997980206288,Rain,1.5702081806502586,12.0,740.5802879175502,12.0001685493207,12.0,200.0,171.422851107189,0.002470309936608046,-161.06364134715247,19.535497515918316,0.0669205142236718
15707.0,0.08864999758245729,-0.4093195456567749,173.00483334606605,Rain,1.5647802356120069,12.0,736.3904040521544,12.000166870651631,12.0,200.0,171.37357055386022,0.002456333988402585,-161.00845840872756,19.590680454343225,0.0664825565937883
15708.0,0.08728505578631601,-0.35444929919614765,172.95000021086065,Rain,1.5594395345732153,12.0,732.2428182276593,12.000165163033811,12.0,200.0,171.32451055989446,0.002442499131274541,-160.95358816226693,19.645550700803852,0.06605011639300182
15709.0,0.0859354417276833,-0.2999063138273612,172.89549497332703,Rain,1.554186593145888,12.0,728.1382581382061,12.00016342610977,12.0,200.0,171.27568515342418,0.0024288077925502917,-160.89904517689814,19.70009368617264,0.06562322675697124
15710.0,0.08460154915919316,-0.24570548673614026,172.84133253824535,Rain,1.549021901160415,12.0,724.077460320137,12.000161659529285,12.0,200.0,171.22710871512513,0.002415262429050623,-160.84484434980692,19.754294513263858,0.06520192195979557
15711.0,0.08328376625810269,-0.19186204185232208,172.78752813696116,Rain,1.5439459195271832,12.0,720.0611700993685,12.000159862950339,12.0,200.0,171.17879598002185,0.002401865526915185,-160.79100090492312,19.80813795814768,0.06478623741217177
15712.0,0.08198247488210425,-0.1383915183450421,172.73409731586815,Rain,1.538959076079354,12.0,716.0901408170872,12.00015803603968,12.0,200.0,171.1307620302057,0.00238861959901969,-160.7375303814158,19.861608481654958,0.0643762095831281
15713.0,0.08069803751109222,-0.08530977896338487,172.6810559447153,Rain,1.534061763234687,12.0,712.1651345715434,12.000156178474377,12.0,200.0,171.08302230539863,0.0023755271874502707,-160.68444864203417,19.914690221036615,0.06397187608197775
15714.0,0.07943084610639256,-0.032632991249726656,172.62842019781215,Rain,1.5292543330754151,12.0,708.2869209821258,12.00015428994217,12.0,200.0,171.03559258920222,0.002362590859380878,-160.6317718543205,19.967367008750273,0.06357327553451071
15715.0,0.07818124934183746,0.019622371543391543,172.57620655491604,Rain,1.524537094257815,12.0,704.4562774596552,12.000152370142855,12.0,200.0,170.98848901304189,0.002349813207974882,-160.5795164915274,20.01962237154339,0.06318044761632015
15716.0,0.07694959899631881,0.07143953805847958,172.52443179360398,Rain,1.5199103081212146,12.0,700.6739888832735,12.000150418789326,12.0,200.0,170.94172805245793,0.0023371968513072917,-160.52769932501232,20.071439538058478,0.06279343302485015
15717.0,0.07573623786000727,0.1228014543441702,172.4731129737464,Rain,1.5153741841264865,12.0,696.9408467463467,12.000148435608281,12.0,200.0,170.89532651622102,0.0023247444295157907,-160.47633740872664,20.12280145434417,0.06241227339891629
15718.0,0.074541499534104,0.17369078089004109,172.42226744043333,Rain,1.5109288769961118,12.0,693.2576496913542,12.000146420342011,12.0,200.0,170.84930155205785,0.00231245860658494,-160.42544808218076,20.17369078089004,0.06203701137936988
15719.0,0.07336570766642958,0.2240899153155261,172.37191280127576,Rain,1.5065744816617817,12.0,689.6252022197821,12.000144372748846,12.0,200.0,170.803670629128,0.0023003420660428426,-160.37504894775526,20.224089915315524,0.061667690485991716
15720.0,0.0722091756684266,0.27398099669707665,172.32206692204383,Rain,1.5023110299721472,12.0,686.0443147800922,12.00014229260476,12.0,200.0,170.75845153693777,0.0022883975112545766,-160.32515786637373,20.273980996697077,0.06130435513387744
15721.0,0.07107220625072358,0.32334591966182225,172.27274791255007,Rain,1.4981384867059298,12.0,682.5158031871415,12.000140179704427,12.0,200.0,170.71366237526067,0.0022766276634855888,-160.27579294340896,20.323345919661826,0.06094705058345744
15722.0,0.06995509102985048,0.37216634769365237,172.22397411331613,Rain,1.494056745885737,12.0,679.0404881388233,12.000138033862472,12.0,200.0,170.66932154452962,0.002265035260289381,-160.22697251537716,20.37216634769365,0.06059582290078729
15723.0,0.06885811020325683,0.4204237258108681,172.17576408286618,Rain,1.490065627419221,12.0,675.6191948138504,12.000135854914813,12.0,200.0,170.62544773652036,0.0022536230541658603,-160.17871513725993,20.420423725810867,0.060250718926618894
15724.0,0.06778153208080484,0.46809930205804534,172.1281365762166,Rain,1.486164873365035,12.0,672.2527518790038,12.000133642719494,12.0,200.0,170.5820599166644,0.002242393809249877,-160.13103956101276,20.468099302058043,0.05991178618714696
15725.0,0.06672561304879182,0.5151741325106107,172.0811105398275,Rain,1.4823541459767988,12.0,668.9419916937818,12.000131397158723,12.0,200.0,170.53917732092555,0.002231350301993861,-160.08396473056018,20.51517413251061,0.05957907292518779
15726.0,0.06569059707667563,0.561629109123195,172.03470508374312,Rain,1.4786330243760368,12.0,665.687748925379,12.00012911813939,12.0,200.0,170.4968194313942,0.0022204953165478867,-160.03750975394757,20.561629109123196,0.059252627972922745
15727.0,0.06467671565874267,0.60744497108585,171.9889394701977,Rain,1.4750010031760932,12.0,662.4908603501809,12.000126805594796,12.0,200.0,170.4550059662773,0.0022098316440975338,-159.99169389198494,20.60744497108585,0.05893250074431047
15728.0,0.06366206788151607,0.6536122425980113,171.9428231758137,Rain,1.4704475718941301,12.0,659.3521641673273,12.000124459485953,12.0,200.0,170.41375686274097,0.002199362080574179,-159.94552662047278,20.65361224259801,0.058618741178600456
15729.0,0.06261867350766054,0.7014290856772027,171.89505803877478,Rain,1.4636543857716953,12.0,656.2724988981809,12.00012207980242,12.0,200.0,170.37309225335875,0.0021890894229840193,-159.89770977739357,20.701429085677205,0.05831139964433743
15730.0,0.06159931996124152,0.7484900143172837,171.8480495446226,Rain,1.4570065621973787,12.0,653.2527033378104,12.000119666564377,12.0,200.0,170.33303245547725,0.002179016469246236,-159.8506488487535,20.748490014317284,0.058010526947971416
15731.0,0.06060419169887593,0.7947734881858805,171.80181923254904,Rain,1.450505117212735,12.0,650.2936151017021,12.0001172198231,12.0,200.0,170.29359794113282,0.0021691460133453464,-159.8043653748849,20.794773488185882,0.05771617420347815
15732.0,0.05963345922812574,0.8402578223064362,171.75638878567776,Rain,1.4441510731173564,12.0,647.3960702147185,12.000114739662637,12.0,200.0,170.25480931975414,0.002159480843960119,-159.75888104076435,20.840257822306437,0.057428392806255654
15733.0,0.058687279171983076,0.8849212124960322,171.71178000559922,Rain,1.437945457041701,12.0,644.560902265274,12.000112226201068,12.0,200.0,170.2166873141928,0.0021500237416422065,-159.71421765057474,20.88492121249603,0.057147234364743275
15734.0,0.057765794302953755,0.92874176608226,171.6680147816365,Rain,1.4318892989418033,12.0,641.7889412859255,12.000109679591297,12.0,200.0,170.17925273208985,0.0021407774750821966,-159.67039709698852,20.92874176608226,0.056872750604830935
15735.0,0.056869133776410674,0.9716975270414623,171.62511506567654,Rain,1.4259836305256943,12.0,639.0810130484253,12.000107100022454,12.0,200.0,170.14252644183426,0.002131744798758164,-159.62744133602934,20.971697527041464,0.05660499331657885
15736.0,0.0559973983114927,1.0137665006131593,171.5831028475223,Rain,1.4202294843842478,12.0,636.4379384456169,12.00010448772145,12.0,200.0,170.10652934882856,0.002122928450873894,-159.58537236245763,21.01376650061316,0.05634401430947067
15737.0,0.0551507192179288,1.0549266964708472,171.54200011172495,Rain,1.4146278907206786,12.0,633.860531765495,12.000101842952828,12.0,200.0,170.0712823557452,0.0021143311476017686,-159.54421216659995,21.054926696470847,0.056089865259067236
15738.0,0.05432917264930176,1.0951561483447763,171.50182881791412,Rain,1.4091798774561624,12.0,631.3496005017154,12.00009916602094,12.0,200.0,170.03680634275236,0.0021059555824506945,-159.50398271472602,21.095156148344778,0.05584259770563701
15739.0,0.053532836020394825,1.1344329524609404,171.46261086234978,Rain,1.4038864678841834,12.0,628.905944035244,12.000096457270361,12.0,200.0,170.00312213152375,0.0020978044218685583,-159.46470591060984,21.13443295246094,0.055602262941818546
15740.0,0.052761774669895234,1.1727353040581716,171.4243680413926,Rain,1.3987486787307013,12.0,626.5303524928607,12.000093717086475,12.0,200.0,169.9702504507435,0.0020898803014346035,-159.4264035590126,21.172735304058172,0.0553689119184226
15741.0,0.052016042385603756,1.210041529601958,171.38712201926614,Rain,1.3937675189171992,12.0,624.2236059224972,12.000090945896579,12.0,200.0,169.93821190516815,0.002082185823108656,-159.38909733346884,21.21004152960196,0.05514259518081663
15742.0,0.05129568189695999,1.2463301236460786,171.3508942911814,Rain,1.3889439878066336,12.0,621.9864732252839,12.000088144170531,12.0,200.0,169.90702694059127,0.0020747235516688145,-159.35280873942472,21.24633012364608,0.05492336278347252
15743.0,0.05060072533821702,1.2815797901368888,171.3157061420313,Rain,1.3842790729679662,12.0,619.819710859036,12.000085312420794,12.0,200.0,169.87671580488302,0.002067496010386746,-159.3175590729339,21.281579790136888,0.05471126418032501
15744.0,0.0499311949503462,1.315769474344446,171.2815786144316,Rain,1.3797737492837294,12.0,617.7240621579002,12.000082451203745,12.0,200.0,169.84729851697085,0.0020605056787582703,-159.28336938872636,21.315769474344446,0.054506348177003935
15745.0,0.0492871035612108,1.3488784084155634,171.24853246318003,Rain,1.375428976333848,12.0,615.700255850966,12.000079561119104,12.0,200.0,169.8187948240415,0.002053754987561982,-159.25026045465523,21.348878408415565,0.0543086628047048
15746.0,0.04866845530741798,1.3808861468072486,171.21658811980478,Rain,1.3712456971974225,12.0,613.7490052336788,12.000076642810782,12.0,200.0,169.7912241673505,0.0020472463160953794,-159.21825271626352,21.38088614680725,0.05411825525687701
15747.0,0.04807524622225623,1.411772610406211,171.18576564845782,Rain,1.3672248361720543,12.0,611.8710068352403,12.000073696966282,12.0,200.0,169.76460564050686,0.0020409819877297924,-159.1873662526646,21.41177261040621,0.053935171778905125
15748.0,0.0475074650184541,1.4415181220915727,171.15608471033391,Rain,1.3633672976645437,12.0,610.0669396285526,12.000070724317554,12.0,200.0,169.73895795506124,0.0020349642672750383,-159.1576207409792,21.441518122091573,0.05375945760809987
15749.0,0.0469650936958369,1.4701034525532526,171.1275645178771,Rain,1.3596739637777657,12.0,608.3374636337038,12.00006772563985,12.0,200.0,169.71429939724274,0.002029195356321151,-159.12903541051753,21.47010345255325,0.05359115685658043
15750.0,0.046448108322545756,1.4975098578840345,171.10022379718174,Rain,1.356145692993188,12.0,606.6832190313526,12.000064701752049,12.0,200.0,169.69064779174568,0.002023677390280954,-159.10162900518674,21.497509857884033,0.05343031244289289
15751.0,0.045956479709852394,1.5237191231797833,171.07408074441824,Rain,1.35278331808132,12.0,605.1048249180913,12.00006165351546,12.0,200.0,169.66802046034903,0.0020184124342383933,-159.075419739891,21.523719123179784,0.05327696598791617
15752.0,0.045490174212611645,1.5487135995207941,171.04915298884572,Rain,1.3495876448577837,12.0,603.6028784586904,12.000058581834113,12.0,200.0,169.6464341862371,0.002013402480120732,-159.05042526354998,21.54871359952079,0.05313115775081714
15753.0,0.0450491543984643,1.5724762475602851,171.02545754926132,Rain,1.3465594500658242,12.0,602.1779536342333,12.000055487653006,12.0,200.0,169.6259051726721,0.002008649442522778,-159.0266626155105,21.572476247560285,0.05299292652341108
15754.0,0.04463337982070226,1.5949906748103873,171.00301079672136,Rain,1.343699480028613,12.0,600.8306003542616,12.000052371957802,12.0,200.0,169.60644900713146,0.0020041551557453178,-159.0041481882604,21.59499067481039,0.05286230956129695
15755.0,0.04424280771047523,1.6162411760528865,170.98182841416963,Rain,1.341008448846205,12.0,599.5613433618197,12.000049235773016,12.0,200.0,169.58808062282995,0.00199992137014274,-158.9828976870179,21.61624117605289,0.05273934249352425
15756.0,0.04387739372468197,1.6362127691167339,170.9619253606672,Rain,1.3384870371088864,12.0,598.3706813869982,12.000046080161699,12.0,200.0,169.57081426430292,0.0019959497492995576,-158.96292609395405,21.636212769116735,0.052624059255376304
15757.0,0.04353709260553462,1.6548912334070434,170.94331583291563,Rain,1.336135890173937,12.0,597.2590861038814,12.00004290622302,12.0,200.0,169.55466345073881,0.001992241866551164,-158.94424762966372,21.654891233407042,0.05251649200288814
15758.0,0.04322185887416491,1.6722631441305937,170.92601323105131,Rain,1.3339556168817512,12.0,596.2270013022518,12.000039715091374,12.0,200.0,169.53964094312298,0.0019887992022209304,-158.92687571894018,21.672263144130596,0.05241667104656231
15759.0,0.042931647469455825,1.6883159066460196,170.9100301243484,Rain,1.331946788137096,12.0,595.2748420061068,12.000036507933928,12.0,200.0,169.5257587114318,0.0019856231406798993,-158.91082295642477,21.68831590664602,0.05232462477951894
15760.0,0.04266641437392543,1.7030377882613643,170.89537821944077,Rain,1.330109935671969,12.0,594.4029936884317,12.000033285949732,12.0,200.0,169.5130279041545,0.001982714967727546,-158.89610107480942,21.703037788261366,0.052240379614298664
15761.0,0.04242611719281453,1.71641794896312,170.88206832965554,Rain,1.32844555079568,12.0,593.6118114919229,12.00003005036684,12.0,200.0,169.50145881894028,0.0019800758679923928,-158.88272091410767,21.71641794896312,0.05216395991957882
15762.0,0.042210715714243896,1.7284464691712071,170.87011034730529,Rain,1.3269540833508318,12.0,592.901619559459,12.000026802440141,12.0,200.0,169.49106087598832,0.001977706922698699,-158.8706923938996,21.728446469171207,0.05209538796612523
15763.0,0.04202017240201944,1.7391143768709207,170.8595132165868,Rain,1.325635940563739,12.0,592.2727103287472,12.000023543449947,12.0,200.0,169.48184259215395,0.0019756091073136577,-158.86002448619988,21.739114376870923,0.052034683869097986
15764.0,0.041854452879602266,1.7484136705404087,170.85028491072788,Rain,1.3244914862354245,12.0,591.7253440018096,12.000020274698576,12.0,200.0,169.4738115589463,0.001973783289777789,-158.85072519253038,21.74841367054041,0.05198186554616014
15765.0,0.04171352633935416,1.7563373412556644,170.84243240992365,Rain,1.3235210398244872,12.0,591.25974797914,12.00001699750845,12.0,200.0,169.46697442142857,0.0019722302286174927,-158.84280152181512,21.756337341255666,0.05193694867061862
15766.0,0.04159734567169436,1.7628793919678365,170.83596168211642,Rain,1.3227248756699115,12.0,590.8761163757221,12.000013713219474,12.0,200.0,169.46133685981414,0.0019709505713306572,-158.83625947110295,21.762879391967836,0.05189994663233702
15767.0,0.041505928691501597,1.7680348526456124,170.83087766792028,Rain,1.3221032225064813,12.0,590.5746096916952,12.000010423185937,12.0,200.0,169.45690357490153,0.001969944853288121,-158.83110401042518,21.76803485264561,0.05187087051225905
15768.0,0.0414392371645078,1.7717997949396767,170.8271842660072,Rain,1.3216562628017954,12.0,590.3553544163059,12.000007128774206,12.0,200.0,169.45367827415657,0.0019692134964125947,-158.82733906813112,21.771799794939675,0.051849729048814235
15769.0,0.041397257760630767,1.7741713426497931,170.82488432270426,Rain,1.321384132378476,12.0,590.2184427838648,12.000003831359747,12.0,200.0,169.4516636617068,0.0019687568083646212,-158.82496752042098,21.774171342649794,0.05183652861902494
15770.0,0.04137998203469254,1.7751476803129305,170.82397962346406,Rain,1.321286920022267,12.0,590.163932541227,12.000000532324444,12.0,200.0,169.45086143022326,0.0019685749817669766,-158.82399118275785,21.775147680312934,0.05183127321851333
15771.0,0.04138953283967749,1.7746078893044606,170.82447088986586,Rain,1.3213646675300594,12.0,590.1918469409175,11.99999723305327,12.0,200.0,169.4512722578725,0.001968668094181734,-158.82453097376634,21.774607889304463,0.05183396446332995
15772.0,0.04142419571472184,1.7726493839572464,170.82635777583465,Rain,1.3216173694043358,12.0,590.3021745861538,11.999993934931831,12.0,200.0,169.45289580485513,0.0019690361075933196,-158.82648947911355,21.772649383957248,0.051844601575180393
15773.0,0.04148356962857901,1.769296725912861,170.8296388683271,Rain,1.3220449728505566,12.0,590.4948694372072,11.999990639343466,12.0,200.0,169.45573071409444,0.001969678868429729,-158.82984213715793,21.76929672591286,0.051863181382061446
15774.0,0.04156766755183415,1.764552417772086,170.83431169466098,Rain,1.322647378351006,12.0,590.7698511079589,11.999987347665767,12.0,200.0,169.45977461796502,0.001970596108551733,-158.8345864452987,21.764552417772087,0.05188969834498065
15775.0,0.04167652737677724,1.758420020711668,170.84037272341564,Rain,1.323424439178397,12.0,591.127004681264,11.99998406126875,12.0,200.0,169.46502413969915,0.0019717874446369965,-158.8407188423591,21.758420020711668,0.051924144538091396
15776.0,0.04181013098835101,1.7509041395826397,170.84781737925266,Rain,1.3243759624042002,12.0,591.566181246808,11.999980781511129,12.0,200.0,169.47147490715207,0.0019732523799741754,-158.84823472348816,21.75090413958264,0.05196650969639578
15777.0,0.04196852537556378,1.7420104096549183,170.85664005611218,Rain,1.3255017094592845,12.0,592.0871982456223,11.999977509737606,12.0,200.0,169.47912156540852,0.001974990305612099,-158.85712845341587,21.74201040965492,0.05201678124437871
15778.0,0.042151741247239305,1.7317454875647904,170.86683412622435,Rain,1.3268013959286238,12.0,592.6898394715835,11.999974247276967,12.0,200.0,169.48795778600504,0.0019770005003647674,-158.867393375506,21.731745487564787,0.052074944290697235
15779.0,0.04235981306390868,1.7201170258565959,170.87839196548958,Rain,1.3282746931726044,12.0,593.3738559497036,11.999970995438494,12.0,200.0,169.4979762906118,0.001979282133741015,-158.8790218372142,21.720117025856595,0.05214098170517149
15780.0,0.042592778534872755,1.7071336578099958,170.89130496861105,Rain,1.3299212284381903,12.0,594.1389661198616,11.999967755510122,12.0,200.0,169.50916886604347,0.0019818342665573713,-158.8920052052608,21.707133657809994,0.05221487412940137
15781.0,0.04285067827524436,1.6928049682314448,170.90556357823561,Rain,1.3317405865241183,12.0,594.9848567671602,11.999964528755324,12.0,200.0,169.52152639165382,0.001984655854041399,-158.90633389483935,21.692804968231446,0.05229660005766786
15782.0,0.04313355515077544,1.6771414768437098,170.9211573015346,Rain,1.3337323096611184,12.0,595.9111831279416,11.999961316411737,12.0,200.0,169.53503885603652,0.0019877457461853214,-158.92199738622708,21.677141476843712,0.05238613583695737
15783.0,0.04344145387550247,1.6601546031102683,170.9380747453136,Rain,1.3358958995450134,12.0,596.9175700219064,11.999958119688156,12.0,200.0,169.54969539000288,0.001991102691522368,-158.9389842599605,21.660154603110268,0.0524834557657156
15784.0,0.04377442044740831,1.6418566359871065,170.95630364621573,Rain,1.338230818581566,12.0,598.0036126262276,11.99995493976245,12.0,200.0,169.5654842954769,0.001994725339708938,-158.95728222708368,21.641856635987104,0.05258853215729723
15785.0,0.04413250137992303,1.6222607110923342,170.97583089352776,Rain,1.3407364900293561,12.0,599.168876745278,11.99995177778045,12.0,200.0,169.58239306814494,0.0019986122424243175,-158.97687815197844,21.622260711092338,0.05270133535346523
15786.0,0.04451574324597907,1.601380767282309,170.99664257254392,Rain,1.3434123006112473,12.0,600.4129002498213,11.9999486348532,12.0,200.0,169.60040843808216,0.0020027618581712993,-158.99775809578847,21.601380767282308,0.052821833850511084
15787.0,0.04492419190590602,1.5792315176168685,171.0187239935772,Rain,1.3462576011748715,12.0,601.7351936109426,11.999945512055866,12.0,200.0,169.6195163980655,0.0020071725540571892,-159.0199073454539,21.579231517616865,0.052949994336832916
15788.0,0.04535789181306993,1.5558284134025473,171.04205972788304,Rain,1.3492717081177465,12.0,603.1352408022669,11.999942410426227,12.0,200.0,169.63970223799947,0.0020118426088032776,-159.04331044966824,21.555828413402548,0.053085781765830065
15789.0,0.04581688543231455,1.5311876000153937,171.06663365179628,Rain,1.352453905773995,12.0,604.6125006595186,11.99993933096282,12.0,200.0,169.66095058654997,0.002016770217279844,-159.0679512630554,21.531187600015397,0.0532291594723449
15790.0,0.046301212265199176,1.5053258921270727,171.09242897150196,Rain,1.3558034462314403,12.0,606.1664070460083,11.9999362746248,12.0,200.0,169.68324543609742,0.002021953491058165,-159.09381297094373,21.505325892127072,0.05338008917309011
15791.0,0.046810908476672186,1.4782607153060887,171.11942828138046,Rain,1.359319553410197,12.0,607.7963710149937,11.999933242329483,12.0,200.0,169.7065701968105,0.002027390465623367,-159.1208781477647,21.47826071530609,0.05353853115977404
15792.0,0.04734600583310461,1.4500100835945682,171.14761358644023,Rain,1.3630014224657327,12.0,609.5017807931996,11.999930234952782,12.0,200.0,169.73090771969353,0.0020330791003194603,-159.1491287794762,21.45001008359457,0.05370444428096473
15793.0,0.04790653109352111,1.420592552267617,171.1769663495313,Rain,1.3668482223553937,12.0,611.2820032458156,11.999927253327963,12.0,200.0,169.7562403411086,0.0020390172832360433,-159.17854631080317,21.420592552267617,0.05387778606733048
15794.0,0.04849250535529548,1.3900271730890341,171.20746753607224,Rain,1.370859098082412,12.0,613.1363851918748,11.999924298244855,12.0,200.0,169.78254992514834,0.002045202835595933,-159.20911168998177,21.390027173089035,0.05405851284151716
15795.0,0.049103943185203336,1.358333461100106,171.23909764726318,Rain,1.3750331714380506,12.0,615.0642540227568,11.999921370449929,12.0,200.0,169.80981789606406,0.0020516335138182724,-159.24080540197068,21.35833346110011,0.05424657976107187
15796.0,0.049740852101181454,1.3255313437864893,171.27183677089963,Rain,1.379369544064706,12.0,617.0649194000999,11.999918470645428,12.0,200.0,169.83802528586935,0.0020583070151821495,-159.2736075192843,21.325531343786487,0.05444194096558142
15797.0,0.05040323160531107,1.2916411345490764,171.30566460791798,Rain,1.3838672973620345,12.0,619.137673487898,11.99991559949011,12.0,200.0,169.8671527609753,0.0020652209786007963,-159.3074977285217,21.291641134549074,0.054644549580636914
15798.0,0.05109107278917707,1.2566834780046383,171.34056052707624,Rain,1.388525496142793,12.0,621.2817929228594,11.999912757598409,12.0,200.0,169.8971806730413,0.0020723729911939926,-159.34245538506613,21.256683478004636,0.05485435789213998
15799.0,0.051804357528696277,1.2206793182121738,171.37650359674177,Rain,1.39334318933204,12.0,623.4965394111688,11.999909945541072,12.0,200.0,169.92808909002352,0.0020797605902786545,-159.37845954485863,21.220679318212174,0.055071317386200254
15800.0,0.05254305786095742,1.1836498594910352,171.41347262407868,Rain,1.398319411706486,12.0,625.7811608054944,11.99990716384543,12.0,200.0,169.9598578335369,0.0020873812669613403,-159.41548900357975,21.183649859491034,0.05529537883533018
15801.0,0.053307135576937115,1.1456165188117722,171.4514462026561,Rain,1.4034531868535467,12.0,628.1348927394962,11.999904412995352,12.0,200.0,169.99246652336188,0.0020952324715903833,-159.453522344259,21.14561651881177,0.05552649244064589
15802.0,0.054096541358049866,1.1066009035810545,171.49040273469058,Rain,1.4087435268190265,12.0,630.5569587313456,11.999901693432518,12.0,200.0,170.02589460004833,0.002103311614101198,-159.49253795948974,21.106600903581057,0.05576460782319905
15803.0,0.05491121453111636,1.0666247613105968,171.53032048137644,Rain,1.4141894356291367,12.0,633.0465720677771,11.999899005556376,12.0,200.0,170.06012137155687,0.0021116160703007984,-159.5325141017602,21.066624761310596,0.05600967419043575
15804.0,0.05575108260810163,1.025709943290985,171.57117759922698,Rain,1.4197899110626744,12.0,635.6029368730776,11.999896349724843,12.0,200.0,170.09512604774108,0.002120143185433563,-159.57342891977981,21.025709943290988,0.056261640423194946
15805.0,0.05661607467555135,0.9838783839429763,171.61295216075487,Rain,1.4255439443942175,12.0,638.2252482431919,11.99989372625577,12.0,200.0,170.13088776128942,0.0021288902746285625,-159.6152604791278,20.98387838394298,0.05652045507123557
15806.0,0.05750606356157739,0.941152050601072,171.65562220469099,Rain,1.4314505242951039,12.0,640.912694279075,11.999891135427054,12.0,200.0,170.16738561386052,0.002137854629682095,-159.65798681246972,20.94115205060107,0.056786066535383775
15807.0,0.05842095412407622,0.8975529205017231,171.69916575902613,Rain,1.437508637161771,12.0,643.664456474061,11.999888577478012,12.0,200.0,170.20459869877624,0.002147033520349805,-159.70158594256907,20.897552920501724,0.05705842308811147
15808.0,0.059360622301731725,0.8531029472374342,171.74356087457664,Rain,1.4437172690176814,12.0,646.4797108146532,11.999886052610307,12.0,200.0,170.24250613259312,0.002156424198018528,-159.74603591583335,20.853102947237435,0.05733747296580491
15809.0,0.060324930447197445,0.8078240308904181,171.7887856548742,Rain,1.4500754070562103,12.0,649.3576287080986,11.999883560989016,12.0,200.0,170.28108708337487,0.0021660238988003445,-159.79131483218038,20.80782403089042,0.05762316444313464
15810.0,0.061313727083540326,0.7617379921091804,171.8348182821158,Rain,1.4565820407778827,12.0,652.2973777171413,11.999881102743853,12.0,200.0,170.3203207954483,0.0021758298459834545,-159.8374008709616,20.761737992109182,0.057915445889621865
15811.0,0.06232684693175011,0.7148665372901218,171.88163705200066,Rain,1.4632361645321335,12.0,655.2981229223866,11.99987867797004,12.0,200.0,170.3601866215797,0.002185839254576533,-159.88427232578067,20.71486653729012,0.058214265888857544
15812.0,0.06336411066105241,0.6672312404997162,171.92922039184137,Rain,1.470036777861792,12.0,658.3590272777712,11.999876286729826,12.0,200.0,170.40066404072118,0.002196049332494453,-159.9319076225711,20.667231240499717,0.05851957325838887
15813.0,0.0643771716070029,0.6210410291492068,171.97535937491307,Rain,1.4747953747176288,12.0,661.4792525824805,11.999873929053598,12.0,200.0,170.44173268306446,0.00220645728380025,-159.9780978339216,20.621041029149207,0.058831317130994265
15814.0,0.0653852063419732,0.5753965909214728,172.02095331355653,Rain,1.478431517282948,12.0,664.6579600856159,11.999871604941262,12.0,200.0,170.48337234927314,0.002217060310722079,-160.02374227214932,20.57539659092147,0.05914944700045537
15815.0,0.06641448190422378,0.52910579748449,172.0671943354861,Rain,1.4821573851904475,12.0,667.8943117546621,11.999869314363213,12.0,200.0,170.52556303746127,0.0022278556178843634,-160.0700330655863,20.52910579748449,0.05947391283440066
15816.0,0.06746477101453807,0.48218796154009724,172.11406312677465,Rain,1.4859735064798365,12.0,671.1874704762931,11.999867057261914,12.0,200.0,170.5682849552143,0.002238840412977611,-160.11695090153069,20.4821879615401,0.05980466508053063
15817.0,0.06853583378856837,0.4346622509962316,172.1615405177079,Rain,1.489880323668105,12.0,674.5366009110039,11.999864833553104,12.0,200.0,170.61151853930033,0.00225001190960916,-160.16447661207454,20.43466225099623,0.06014165473944143
15818.0,0.06962741792384275,0.3865476709745176,172.20960750080437,Rain,1.4938781955838134,12.0,677.9408701443651,11.999862643127068,12.0,200.0,170.65524447180314,0.0022613673294755304,-160.21259119209628,20.38654767097452,0.060484833417397715
15819.0,0.07073925893252225,0.33786304655200944,172.25824524810218,Rain,1.4979673997548024,12.0,681.3994483069325,11.999860485849949,12.0,200.0,170.6994436949708,0.0022729039044302192,-160.26127581651878,20.33786304655201,0.060834153376580005
15820.0,0.0718710803558994,0.2886270089554491,172.3074351249936,Rain,1.5021481350243935,12.0,684.9115089734977,11.999858361565089,12.0,200.0,170.74409742240505,0.0022846188778154575,-160.31051185411536,20.288627008955448,0.0611895675641358
15821.0,0.07302259425925312,0.23885797215278645,172.35715871365636,Rain,1.5064205254168592,12.0,688.4762302783838,11.999856270094064,12.0,200.0,170.78918715852524,0.0022965095081824366,-160.360280890918,20.238857972152786,0.06155102971427058
15822.0,0.07419350140445563,0.18857412602094842,172.4073978199182,Rain,1.5107846229676554,12.0,692.0927948841517,11.999854211238182,12.0,200.0,170.8346947026158,0.0023085730691869226,-160.41056473704984,20.18857412602095,0.0619184943347251
15823.0,0.07538349169353298,0.13779342006595285,172.4581344895613,Rain,1.515240411634455,12.0,695.7603906586318,11.99985218477961,12.0,200.0,170.88060216116116,0.0023208068518475932,-160.46134544300483,20.137793420065954,0.062291916765675824
15824.0,0.0765922445835387,0.08653355071413768,172.50935102105797,Rain,1.5197878111420804,12.0,699.4782111372145,11.999850190482611,12.0,200.0,170.9268919566978,0.0023332081660880693,-160.51260531235667,20.086533550714137,0.0626712532180707
15825.0,0.07781942946457404,0.034811952290745476,172.56102997461898,Rain,1.5244266806778377,12.0,703.2454557581585,11.999848228094788,12.0,200.0,170.97354683315243,0.0023457743415218222,-160.56432691078004,20.034811952290745,0.06305646078872022
15826.0,0.07906470638391838,-0.017354224543077754,172.6131541937748,Rain,1.5291568238495867,12.0,707.0613310558998,11.999846297347922,12.0,200.0,171.02054987234982,0.002358502731432623,-160.61649308761386,19.982645775456923,0.06344749757537038
15827.0,0.08032772608353655,-0.06994810357899563,172.6657067962009,Rain,1.5339779909765543,12.0,710.9250496524442,11.999844397959654,12.0,200.0,171.0678844826592,0.0023713907094101887,-160.6690869666498,19.930051896421006,0.0638443225651363
15828.0,0.08160813095955244,-0.12295311083049809,172.71867120149852,Rain,1.5388898847667942,12.0,714.8358319926427,11.999842529634028,12.0,200.0,171.1155344209252,0.002384435675138441,-160.72209197390129,19.8770468891695,0.06424689580652647
15829.0,0.08290556582806036,-0.17635297149130855,172.7720311281828,Rain,1.5438921632489386,12.0,718.7929058708564,11.999840692062854,12.0,200.0,171.16348378657892,0.0023976350528166273,-160.7754918345621,19.82364702850869,0.06465517835492407
15830.0,0.08421963528001358,-0.2301317167555641,172.82577060052515,Rain,1.5489844435848152,12.0,722.7955067163755,11.999838884926744,12.0,200.0,171.21171702464395,0.0024109862921113763,-160.82927057982633,19.769868283244435,0.06506913229637747
15831.0,0.08554997114472129,-0.2842737008849573,172.87987396563577,Rain,1.5541663068527027,12.0,726.8428786895403,11.9998371078958,12.0,200.0,171.26021893792685,0.002424486871812967,-160.88341256395574,19.71572629911504,0.06548872085618976
15832.0,0.08689618679269534,-0.3387635868907989,172.9343258791771,Rain,1.5594372998253383,12.0,730.9342734788027,11.999835360631069,12.0,200.0,171.3089746710815,0.002438134295822754,-160.93790244996157,19.6612364131092,0.06591390827026498
15833.0,0.08825789005017304,-0.3935863730315439,172.98911133186925,Rain,1.5647969405861675,12.0,735.0689521860872,11.999833642784907,12.0,200.0,171.35796973130581,0.002451926099442059,-160.99272523610233,19.606413626968454,0.0663446599772953
15834.0,0.08963468321083479,-0.4487273739302835,173.04421563063863,Rain,1.5702447197333067,12.0,739.2461838487355,11.999831954002403,12.0,200.0,171.4071899684435,0.002465859844441902,-161.04786623700107,19.551272626069714,0.0667809424618148
15835.0,0.09102616408556663,-0.5041722428297922,173.09962442088064,Rain,1.575780105495749,12.0,743.4652470925715,11.999830293921748,12.0,200.0,171.45662159196095,0.002479933124577042,-161.10331110590056,19.495827757170208,0.06722272342394928
15836.0,0.09243192628783442,-0.5599069623325776,173.15532367722372,Rain,1.5814025457140275,12.0,747.7254294449214,11.999828662175322,12.0,200.0,171.5062511598034,0.0024941435632944487,-161.15904582540338,19.44009303766742,0.06766997170629513
15837.0,0.09385155979102,-0.6159178456079939,173.2112997047527,Rain,1.5871114707420904,12.0,752.0260274643767,11.999827058390443,12.0,200.0,171.55606557670453,0.0025084888141661548,-161.2150567086788,19.384082154392004,0.06812265730605405
15838.0,0.09528465177130324,-0.6721915483227925,173.26753915094974,Rain,1.59290629737301,12.0,756.3663477317067,11.999825482189856,12.0,200.0,171.60605210209854,0.002522966564194576,-161.2713304113936,19.327808451677207,0.06858075147819015
15839.0,0.0967307867249187,-0.7287150516062663,173.32402898868352,Rain,1.5987864297308834,12.0,760.7457056441343,11.999823933192825,12.0,200.0,171.65619833234382,0.002537574529790654,-161.32785391467706,19.271284948393735,0.06904422660883731
15840.0,0.0981895472213557,-0.7854756699184626,173.38075652408665,Rain,1.604751262592063,12.0,765.163426145283,11.999822411015568,12.0,200.0,171.7064922052026,0.002552310459208694,-161.38461453298927,19.214524330081538,0.0695130562920042
15841.0,0.09966051458191866,-0.8424610556431775,173.4377094011607,Rain,1.6108001843232298,12.0,769.6188442423004,11.999820915271801,12.0,200.0,171.75692200145215,0.0025671721342713045,-161.44159991871396,19.157538944356823,0.0699872153853416
15842.0,0.10114326917971966,-0.8996591888951841,173.49487559159996,Rain,1.6169325781783637,12.0,774.1113043948416,11.999819445573504,12.0,200.0,171.8074763334746,0.002582157368331266,-161.498798051966,19.100340811104818,0.07046667994702782
15843.0,0.10263739101880254,-0.9570583782609143,173.55224339554266,Rain,1.6231478246411752,12.0,778.6401607728509,11.9998180015314,12.0,200.0,171.85814414363642,0.0025972640071313963,-161.55619724133172,19.042941621739086,0.07095142726508354
15844.0,0.1041424602272022,-1.014647258272103,173.60980143905667,Rain,1.6294453033399667,12.0,783.2047772812537,11.99981658275552,12.0,200.0,171.90891469985496,0.0026124899288869157,-161.61378612134288,18.985352741727898,0.07144143586177894
15845.0,0.10565805753538976,-1.0724147864856233,173.66753867122966,Rain,1.6358243948337157,12.0,787.8045275713602,11.99981518885566,12.0,200.0,171.95977759089715,0.0026278330443234837,-161.67155364955642,18.927585213514377,0.07193668549879755
15846.0,0.10718376466315188,-1.1303502373199605,173.72544435801717,Rain,1.6422844819526148,12.0,792.4387948090134,11.99981381944193,12.0,200.0,172.01072271891059,0.002643291295903826,-161.72948910039077,18.869649762680037,0.07243715715398782
15847.0,0.1087191650703937,-1.188443209984475,173.78350809017672,Rain,1.6488249526268435,12.0,797.106972586595,11.999812474124973,12.0,200.0,172.06174030442446,0.0026588626608698577,-161.78758207305526,18.811556790015523,0.07294283312541726
15847.611,0.10966188751846406,-1.2240112017616454,173.81905847006283,Rain,1.6528604810510332,12.0,799.9756621369618,11.999811663829531,12.0,200.0,172.0929436336647,0.0026684315792125826,-161.82315006483242,18.775988798238355,0.07325435534707628
